{
    "eaa99349": {
        "username": "ajay",
        "full_name": "Ajay Varma",
        "email": "ajay@example.com",
        "phone": "+91-9999999999",
        "address": "123 MG Road, Bangalore",
        "account_no": 8187047
    },
    "51e058f8": {
        "username": "sunny",
        "full_name": "Sunny Varma",
        "email": "sunny@example.com",
        "phone": "+91-9988776655",
        "address": "5 Fc Road, Pune",
        "account_no": 2003963
    },
    "fdaa6e94": {
        "username": "admin",
        "full_name": "Add min",
        "email": "add@min.com",
        "phone": "9988776655",
        "address": "add Road, min",
        "account_no": 9145179
    },
    "b8222fb9": {
        "username": "user",
        "full_name": "user add",
        "email": "email@gmail.com",
        "phone": "0007770077",
        "address": "planet earth",
        "account_no": 9455827
    }
}